{
  "assetsByChunkName": {
    "vendors~app-account~app-checkout~app-confirmation~app-order": "chunk.d9e797cd477c5645c06c.js",
    "vendors~app-account~app-confirmation~app-order": "chunk.d79690ed77a1c580c3fc.js",
    "vendors~app-account~app-checkout": "chunk.800d931820669acadcf4.js",
    "admin": [
      "admin.2a2cc7846aea3917f1b6.js",
      "admin.2a2cc7846aea3917f1b6.js.map"
    ],
    "app-account": "chunk.300cb65f9afea4873327.js",
    "app-confirmation": "chunk.13100844da51e560fd5f.js",
    "app-order": "chunk.a6cb3dedf62d040f59cb.js",
    "checkout": [
      "checkout.36e9d73b4a033d96ae11.js",
      "checkout.36e9d73b4a033d96ae11.js.map"
    ],
    "storefront": [
      "storefront.6e0ac3f9c14083d65266.css",
      "storefront.f464664292aa3439f757.js",
      "storefront.6e0ac3f9c14083d65266.css.map",
      "storefront.f464664292aa3439f757.js.map"
    ],
    "vendors~app-cart": "chunk.0efdb3124e42d22cdf55.js",
    "vendors~app-checkout": "chunk.d61c882be090e2569201.js"
  }
}