{
  "description": {
    "title": "Amai Vinhos",
    "text": ""
  },
  "links_1": {
    "list_pages": true,
    "title": "Páginas",
    "list": []
  },
  "links_2": {
    "list_categories": true,
    "title": "Categorias",
    "list": []
  },
  "contacts": {
    "title": "Contatos",
    "phone_wpp": true,
    "socials": true,
    "email": true,
    "address": true
  },
  "stamps": [
    {
      "src": "/img/uploads/selo-site-protegido-ssl-1-.webp",
      "alt": "Secure connection"
    },
    {
      "src": "/img/uploads/stamp_google_safe_browsing.png",
      "link": "https://transparencyreport.google.com/safe-browsing/search?url=www.amaivinhos.com.br"
    }
  ],
  "payment_methods": {
    "bb": true,
    "visa": true,
    "boleto": false,
    "aura": true,
    "banrisul": false,
    "elo": false,
    "hipercard": true,
    "hsbc": false,
    "bradesco": true,
    "santander": true,
    "mastercard": true,
    "paypal": true,
    "citibank": false,
    "hiper": true,
    "diners": true,
    "mais": false,
    "amex": true,
    "itau": true
  },
  "credits": ""
}