{
  "marketing_stripe": {
    "text": "Frete Grátis nas compras acima de R$ 300 Sul e Sudeste",
    "link": "",
    "background": "#30a77e",
    "color": "#ffffff"
  },
  "contacts_stripe": {
    "pages": [
      {
        "title": "Sobre nós",
        "link": "/pages/sobre-nos"
      },
      {
        "title": "Blog",
        "link": "/posts"
      }
    ],
    "phone_wpp": true,
    "socials": true
  },
  "categories_list": {
    "featured": [
      "/por-tipo?Por tipo",
      "/por-uva?Por uva",
      "/por-pais-regiao?Por País/ Região",
      "/por-produtor?Por Produtor",
      "/premiados?Premiados",
      "/ofertas?Ofertas",
      "/para-harmonizar?Dicas de harmonização"
    ],
    "random": 0,
    "full_width": true
  },
  "desktop_megamenu": true,
  "search_input": true
}