{
  "meta_title": "",
  "meta_description": "",
  "sections": [
    {
      "type": "banner-slider",
      "autoplay": 9000,
      "full_width": true,
      "slides": [
        {
          "start": "",
          "end": "",
          "img": "/img/uploads/full-pc-1920-430-px-novo-1-.png",
          "mobile_img": "/img/uploads/full-mobile-600-600-px-1-.png"
        }
      ]
    },
    {
      "type": "info-bar",
      "enabled": false
    },
    {
      "type": "banners-grid",
      "banners": [
        {
          "img": "/img/uploads/icon-category-espumantes.png"
        },
        {
          "img": "/img/uploads/icon-category-brancos.png"
        },
        {
          "img": "/img/uploads/icon-category-tintos.png"
        },
        {
          "img": "/img/uploads/icon-category-premiados.png"
        },
        {
          "img": "/img/uploads/icon-category-ofertas.png"
        },
        {
          "img": "/img/uploads/icon-category-kits.png"
        }
      ]
    },
    {
      "type": "collection-shelf",
      "shuffle": true,
      "limit": "",
      "page": "",
      "sort": "sales",
      "title": "Destaques da semana"
    },
    {
      "type": "banners-grid",
      "banners": [
        {
          "img": "/img/uploads/vinhos-para-o-dia-a-dia.jpg"
        },
        {
          "img": "/img/uploads/para-saborear-com-comida.jpg"
        },
        {
          "img": "/img/uploads/os-mais-especiais.jpg"
        }
      ]
    },
    {
      "type": "collection-shelf",
      "shuffle": true,
      "collection_id": null,
      "sort": "news",
      "title": "Seleção da Sommelière",
      "headless": false,
      "limit": "",
      "page": ""
    },
    {
      "type": "banners-grid",
      "banners": [
        {
          "img": "/img/uploads/5-1-.jpg"
        },
        {
          "img": "/img/uploads/4-1-.jpg"
        },
        {
          "img": "/img/uploads/6-1-.jpg"
        }
      ]
    },
    {
      "type": "collection-shelf",
      "shuffle": true,
      "limit": 12,
      "page": 2,
      "sort": "sales",
      "title": "Mais vendidos do mês"
    },
    {
      "type": "custom-content",
      "markdown": "<!--StartFragment-->\n\n#### Produtores Premiados\n\n<!--EndFragment-->"
    },
    {
      "type": "brands-carousel",
      "limit": 24,
      "offset": 0
    },
    {
      "type": "collection-shelf",
      "shuffle": true,
      "limit": 12,
      "page": 1,
      "sort": "slug",
      "title": "Queridinhos do público"
    },
    {
      "type": "custom-content",
      "markdown": "<!--StartFragment-->\n\n#### Blog\n\n<!--EndFragment-->"
    },
    {
      "type": "blog",
      "enabled": true
    },
    {
      "type": "custom-html",
      "html": "<div class=\"embedsocial-hashtag\" data-ref=\"2c547476ea73d16417b2c3996b532fb00d2e1f8f\"><a class=\"feed-powered-by-es feed-powered-by-es-slider-new\" href=\"https://embedsocial.com/social-media-aggregator/\" target=\"_blank\" title=\" \"></span></a></div><script>(function(d, s, id){var js; if (d.getElementById(id)) {return;} js = d.createElement(s); js.id = id; js.src = \"https://embedsocial.com/cdn/ht.js\"; d.getElementsByTagName(\"head\")[0].appendChild(js);}(document, \"script\", \"EmbedSocialHashtagScript\"));</script>"
    },
    {
      "type": "page-title",
      "title": "SOBRE A AMAI VINHOS",
      "description": "Somos uma loja onde você encontra vinhos selecionados com muito amor."
    }
  ]
}